Stage,"Cry1Ac,ppmDW"
LateReproductive,21.481749999999998
Reproductive,21.953899999999997
Vegetative,17.028399999999998
